{
  "text": "klaut.pro",
  "defaultId": "arial-black",
  "fonts": [
    {
      "id": "arial-black",
      "label": "Arial Black",
      "mesh": "wordmark-klaut-pro.glb",
      "fontPath": "C:/Windows/Fonts/ariblk.ttf",
      "primary": true,
      "letters": [
        {
          "index": 0,
          "char": "k",
          "meshName": "letter_0_k",
          "softBoolean": true,
          "sdfUnion": true,
          "tips": 2,
          "columns": [
            -4.935730402469635,
            -4.662807400226593
          ],
          "colW": 0.05360987544059753,
          "lipY": -0.22941084206104279,
          "hang": 0.3303516125679016,
          "neckR": 0.023957181136894226,
          "bulbR": 0.03191663934355974,
          "lipR": 0.08077667982012031,
          "poured": true,
          "closedCounter": false,
          "extrudeMul": 1.0,
          "isoBlendMul": 0.72
        },
        {
          "index": 1,
          "char": "l",
          "meshName": "letter_1_l",
          "softBoolean": true,
          "sdfUnion": true,
          "tips": 1,
          "columns": [
            -3.561746597290039
          ],
          "colW": 0.03504281044006348,
          "lipY": -0.2294108271598816,
          "hang": 0.22023439407348633,
          "neckR": 0.04121034507751466,
          "bulbR": 0.05274924169921876,
          "lipR": 0.07542964947223663,
          "poured": false,
          "closedCounter": false,
          "extrudeMul": 1.0,
          "isoBlendMul": 1.0
        },
        {
          "index": 2,
          "char": "a",
          "meshName": "letter_2_a",
          "softBoolean": true,
          "sdfUnion": true,
          "tips": 2,
          "columns": [
            -2.609619016647339,
            -2.29528582572937
          ],
          "colW": 0.09037079238891602,
          "lipY": -0.2294108271598816,
          "hang": 0.3193398714065552,
          "neckR": 0.055263546961669935,
          "bulbR": 0.08198438285522462,
          "lipR": 0.13201994018554697,
          "poured": true,
          "closedCounter": false,
          "extrudeMul": 1.0,
          "isoBlendMul": 1.08
        },
        {
          "index": 3,
          "char": "u",
          "meshName": "letter_3_u",
          "softBoolean": true,
          "sdfUnion": true,
          "tips": 2,
          "columns": [
            -1.0860905331373214,
            -0.801112534403801
          ],
          "colW": 0.08193117463588714,
          "lipY": -0.2294108271598816,
          "hang": 0.3193398714065552,
          "neckR": 0.05010255191333772,
          "bulbR": 0.07432796162967682,
          "lipR": 0.11969075946807856,
          "poured": true,
          "closedCounter": false,
          "extrudeMul": 1.0,
          "isoBlendMul": 1.08
        },
        {
          "index": 4,
          "char": "t",
          "meshName": "letter_4_t",
          "softBoolean": true,
          "sdfUnion": true,
          "tips": 1,
          "columns": [
            0.32232558727264404
          ],
          "colW": 0.06539024114608764,
          "lipY": -0.2294108271598816,
          "hang": 0.22023439407348633,
          "neckR": 0.08202551849365236,
          "bulbR": 0.10499266367187503,
          "lipR": 0.15013599367141722,
          "poured": false,
          "closedCounter": false,
          "extrudeMul": 1.0,
          "isoBlendMul": 1.0
        },
        {
          "index": 5,
          "char": ".",
          "meshName": "letter_5_dot",
          "softBoolean": true,
          "sdfUnion": true,
          "tips": 1,
          "columns": [
            1.2021077275276184
          ],
          "colW": 0.03685585260391235,
          "lipY": -0.2294108122587204,
          "hang": 0.25235189348459247,
          "neckR": 0.04721234718561173,
          "bulbR": 0.06519800325632095,
          "lipR": 0.08318365932703017,
          "poured": false,
          "closedCounter": false,
          "extrudeMul": 1.0,
          "isoBlendMul": 1.0
        },
        {
          "index": 6,
          "char": "p",
          "meshName": "letter_6_p",
          "softBoolean": true,
          "sdfUnion": true,
          "tips": 1,
          "columns": [
            2.2818110585212708
          ],
          "colW": 0.09241594076156617,
          "lipY": -0.22941084206104279,
          "hang": 0.2523519262671471,
          "neckR": 0.11838482011556627,
          "bulbR": 0.16348379920721057,
          "lipR": 0.20858277829885485,
          "poured": false,
          "closedCounter": false,
          "extrudeMul": 1.0,
          "isoBlendMul": 1.0
        },
        {
          "index": 7,
          "char": "r",
          "meshName": "letter_7_r",
          "softBoolean": true,
          "sdfUnion": true,
          "tips": 1,
          "columns": [
            3.5852434635162354
          ],
          "colW": 0.10064992904663085,
          "lipY": -0.2294108271598816,
          "hang": 0.22023439407348633,
          "neckR": 0.12625527099609377,
          "bulbR": 0.161606746875,
          "lipR": 0.23109223709106444,
          "poured": false,
          "closedCounter": false,
          "extrudeMul": 1.0,
          "isoBlendMul": 1.0
        },
        {
          "index": 8,
          "char": "o",
          "meshName": "letter_8_o",
          "softBoolean": false,
          "sdfUnion": false,
          "tips": 0,
          "columns": [
            4.705011606216431
          ],
          "colW": 0.10138185024261474,
          "lipY": -0.06423503905534744,
          "hang": 0.0,
          "neckR": 0.05069092512130737,
          "bulbR": 0.055760017633438116,
          "lipR": 0.06082911014556884,
          "poured": false,
          "closedCounter": true,
          "extrudeMul": 0.28,
          "isoBlendMul": 0.06
        }
      ],
      "softBooleanTips": true
    },
    {
      "id": "arial-bold",
      "label": "Arial Bold",
      "mesh": "wordmark-arial-bold.glb",
      "fontPath": "C:/Windows/Fonts/arialbd.ttf",
      "primary": false,
      "letters": [
        {
          "index": 0,
          "char": "k",
          "meshName": "letter_0_k"
        },
        {
          "index": 1,
          "char": "l",
          "meshName": "letter_1_l"
        },
        {
          "index": 2,
          "char": "a",
          "meshName": "letter_2_a"
        },
        {
          "index": 3,
          "char": "u",
          "meshName": "letter_3_u"
        },
        {
          "index": 4,
          "char": "t",
          "meshName": "letter_4_t"
        },
        {
          "index": 5,
          "char": ".",
          "meshName": "letter_5_dot"
        },
        {
          "index": 6,
          "char": "p",
          "meshName": "letter_6_p"
        },
        {
          "index": 7,
          "char": "r",
          "meshName": "letter_7_r"
        },
        {
          "index": 8,
          "char": "o",
          "meshName": "letter_8_o"
        }
      ]
    },
    {
      "id": "bahnschrift",
      "label": "Bahnschrift",
      "mesh": "wordmark-bahnschrift.glb",
      "fontPath": "C:/Windows/Fonts/bahnschrift.ttf",
      "primary": false,
      "letters": [
        {
          "index": 0,
          "char": "k",
          "meshName": "letter_0_k"
        },
        {
          "index": 1,
          "char": "l",
          "meshName": "letter_1_l"
        },
        {
          "index": 2,
          "char": "a",
          "meshName": "letter_2_a"
        },
        {
          "index": 3,
          "char": "u",
          "meshName": "letter_3_u"
        },
        {
          "index": 4,
          "char": "t",
          "meshName": "letter_4_t"
        },
        {
          "index": 5,
          "char": ".",
          "meshName": "letter_5_dot"
        },
        {
          "index": 6,
          "char": "p",
          "meshName": "letter_6_p"
        },
        {
          "index": 7,
          "char": "r",
          "meshName": "letter_7_r"
        },
        {
          "index": 8,