{
  "font": "Arial Black",
  "fontPath": "C:/Windows/Fonts/ariblk.ttf",
  "fontId": "arial-black",
  "text": "klaut.pro",
  "char": "klaut.pro",
  "extrude": 0.09,
  "bevelDepth": 0.02,
  "bevelResolution": 16,
  "resolutionU": 32,
  "subdivLevels": 2,
  "remeshVoxel": 0.009,
  "tipRemeshVoxel": 0.009,
  "softBooleanTips": true,
  "gnSdfUnion": true,
  "sdfSoftBlend": 0.0324,
  "targetHeight": 1.15,
  "bakedDimensions": {
    "x": 6.014090571403504,
    "y": 0.8162423372268677,
    "z": 1.0831010341644287
  },
  "vertexCount": 428666,
  "mesh": "wordmark-klaut-pro.glb",
  "letters": [
    {
      "index": 0,
      "char": "k",
      "meshName": "letter_0_k",
      "softBoolean": true,
      "sdfUnion": true,
      "tips": 2,
      "columns": [
        -5.016366744041443,
        -4.626476740837097
      ],
      "colW": 0.03455843210220337,
      "lipY": -0.22941084206104279,
      "hang": 0.3788031824111938,
      "neckR": 0.012192214845657351,
      "bulbR": 0.01763516790175438,
      "lipR": 0.04091286380499602,
      "poured": true,
      "closedCounter": false,
      "extrudeMul": 1.0,
      "isoBlendMul": 0.42
    },
    {
      "index": 1,
      "char": "l",
      "meshName": "letter_1_l",
      "softBoolean": true,
      "sdfUnion": true,
      "tips": 1,
      "columns": [
        -3.561746597290039
      ],
      "colW": 0.03504281044006348,
      "lipY": -0.2294108271598816,
      "hang": 0.22023439407348633,
      "neckR": 0.04121034507751466,
      "bulbR": 0.05274924169921876,
      "lipR": 0.07542964947223663,
      "poured": false,
      "closedCounter": false,
      "extrudeMul": 1.0,
      "isoBlendMul": 1.0
    },
    {
      "index": 2,
      "char": "a",
      "meshName": "letter_2_a",
      "softBoolean": true,
      "sdfUnion": true,
      "tips": 2,
      "columns": [
        -2.609619016647339,
        -2.29528582572937
      ],
      "colW": 0.09037079238891602,
      "lipY": -0.2294108271598816,
      "hang": 0.3193398714065552,
      "neckR": 0.055263546961669935,
      "bulbR": 0.08198438285522462,
      "lipR": 0.13201994018554697,
      "poured": true,
      "closedCounter": false,
      "extrudeMul": 1.0,
      "isoBlendMul": 1.08
    },
    {
      "index": 3,
      "char": "u",
      "meshName": "letter_3_u",
      "softBoolean": true,
      "sdfUnion": true,
      "tips": 2,
      "columns": [
        -1.0860905331373214,
        -0.801112534403801
      ],
      "colW": 0.08193117463588714,
      "lipY": -0.2294108271598816,
      "hang": 0.3193398714065552,
      "neckR": 0.05010255191333772,
      "bulbR": 0.07432796162967682,
      "lipR": 0.11969075946807856,
      "poured": true,
      "closedCounter": false,
      "extrudeMul": 1.0,
      "isoBlendMul": 1.08
    },
    {
      "index": 4,
      "char": "t",
      "meshName": "letter_4_t",
      "softBoolean": true,
      "sdfUnion": true,
      "tips": 1,
      "columns": [
        0.32232558727264404
      ],
      "colW": 0.06539024114608764,
      "lipY": -0.2294108271598816,
      "hang": 0.22023439407348633,
      "neckR": 0.08202551849365236,
      "bulbR": 0.10499266367187503,
      "lipR": 0.15013599367141722,
      "poured": false,
      "closedCounter": false,
      "extrudeMul": 1.0,
      "isoBlendMul": 1.0
    },
    {
      "index": 5,
      "char": ".",
      "meshName": "letter_5_dot",
      "softBoolean": true,
      "sdfUnion": true,
      "tips": 1,
      "columns": [
        1.2021077275276184
      ],
      "colW": 0.03685585260391235,
      "lipY": -0.2294108122587204,
      "hang": 0.25235189348459247,
      "neckR": 0.04721234718561173,
      "bulbR": 0.06519800325632095,
      "lipR": 0.08318365932703017,
      "poured": false,
      "closedCounter": false,
      "extrudeMul": 1.0,
      "isoBlendMul": 1.0
    },
    {
      "index": 6,
      "char": "p",
      "meshName": "letter_6_p",
      "softBoolean": true,
      "sdfUnion": true,
      "tips": 1,
      "columns": [
        2.2818110585212708
      ],
      "colW": 0.09241594076156617,
      "lipY": -0.22941084206104279,
      "hang": 0.2523519262671471,
      "neckR": 0.11838482011556627,
      "bulbR": 0.16348379920721057,
      "lipR": 0.20858277829885485,
      "poured": false,
      "closedCounter": false,
      "extrudeMul": 1.0,
      "isoBlendMul": 1.0
    },
    {
      "index": 7,
      "char": "r",
      "meshName": "letter_7_r",
      "softBoolean": true,
      "sdfUnion": true,
      "tips": 1,
      "columns": [
        3.5852434635162354
      ],
      "colW": 0.10064992904663085,
      "lipY": -0.2294108271598816,
      "hang": 0.22023439407348633,
      "neckR": 0.12625527099609377,
      "bulbR": 0.161606746875,
      "lipR": 0.23109223709106444,
      "poured": false,
      "closedCounter": false,
      "extrudeMul": 1.0,
      "isoBlendMul": 1.0
    },
    {
      "index": 8,
      "char": "o",
      "meshName": "letter_8_o",
      "softBoolean": false,
      "sdfUnion": false,
      "tips": 0,
      "columns": [
        4.705011606216431
      ],
      "colW": 0.10138185024261474,
      "lipY": -0.06423503905534744,
      "hang": 0.0,
      "neckR": 0.05069092512130737,
      "bulbR": 0.055760017633438116,
      "lipR": 0.06082911014556884,
      "poured": false,
      "closedCounter": true,
      "extrudeMul": 0.28,
      "isoBlendMul": 0.06
    }
  ],
  "perLetterMeshes": true,
  "legacyMesh": "letter-K.glb",
  "fontsCatalog": "fonts.json",
  "pipeline": [
    "1-font: Arial Black wordmark klaut.pro (per-glyph meshes)",
    "2-mesh: Blender extrude+bevel+subdiv \u2192 GLB",
    "2b-gn-sdf: Mesh\u2192SDF Grid \u222a pear tips \u2192 Grid to Mesh (per-glyph iso) + lip morph",
    "2c-glyph-tune: k stem dual-tip wide-sep + seq union; closed-o Segoe+thin extrude",
    "3-glass: Three.js MeshPhysicalMaterial (demo/scratch.html)",
    "4-liquid: GravityMeltSim per-letter overrides",
    "5-sag: frozen viscoplastic neck/bulb (no drip blobs)"
  ]
}
